<?xml version="1.0" encoding="utf-8"?>
<odoo>
    <!-- Parámetro para activar debug OTIF -->
    <record id="otif_debug_param" model="ir.config_parameter">
        <field name="key">otif_dashboard.debug</field>
        <field name="value">0</field>
    </record>
    
    <!-- Acción de servidor para diagnóstico manual -->
    <record id="action_otif_debug_dump" model="ir.actions.server">
        <field name="name">Depuración OTIF (Dump Log)</field>
        <field name="model_id" ref="stock.model_stock_picking"/>
        <field name="binding_model_id" ref="stock.model_stock_picking"/>
        <field name="state">code</field>
        <field name="code">
action = records.with_context(otif_debug=True).action_otif_dump_log()
        </field>
    </record>
</odoo>